<?xml version="1.0" encoding="UTF-8"?>
<!DOCTYPE mapper PUBLIC "-//mybatis.org//DTD Mapper 3.0//EN" "http://mybatis.org/dtd/mybatis-3-mapper.dtd">
<mapper namespace="com.atguigu.bus.mapper.BusCarMapper">
  <select id="getCarByRentId" resultType="com.atguigu.bus.bean.BusCar">
      SELECT t1.*
      FROM bus_car t1
      JOIN bus_rent t2
      ON t1.`carnumber`=t2.`carnumber`
      WHERE t2.`rentid`= #{rentid}
  </select>
  <resultMap id="BaseResultMap" type="com.atguigu.bus.bean.BusCar">
    <id column="carnumber" jdbcType="VARCHAR" property="carnumber" />
    <result column="cartype" jdbcType="VARCHAR" property="cartype" />
    <result column="color" jdbcType="VARCHAR" property="color" />
    <result column="price" jdbcType="DOUBLE" property="price" />
    <result column="rentprice" jdbcType="DOUBLE" property="rentprice" />
    <result column="deposit" jdbcType="DOUBLE" property="deposit" />
    <result column="isrenting" jdbcType="INTEGER" property="isrenting" />
    <result column="description" jdbcType="VARCHAR" property="description" />
    <result column="carimg" jdbcType="VARCHAR" property="carimg" />
    <result column="createtime" jdbcType="TIMESTAMP" property="createtime" />
  </resultMap>
  <sql id="Example_Where_Clause">
    <where>
      <foreach collection="oredCriteria" item="criteria" separator="or">
        <if test="criteria.valid">
          <trim prefix="(" prefixOverrides="and" suffix=")">
            <foreach collection="criteria.criteria" item="criterion">
              <choose>
                <when test="criterion.noValue">
                  and ${criterion.condition}
                </when>
                <when test="criterion.singleValue">
                  and ${criterion.condition} #{criterion.value}
                </when>
                <when test="criterion.betweenValue">
                  and ${criterion.condition} #{criterion.value} and #{criterion.secondValue}
                </when>
                <when test="criterion.listValue">
                  and ${criterion.condition}
                  <foreach close=")" collection="criterion.value" item="listItem" open="(" separator=",">
                    #{listItem}
                  </foreach>
                </when>
              </choose>
            </foreach>
          </trim>
        </if>
      </foreach>
    </where>
  </sql>
  <sql id="Update_By_Example_Where_Clause">
    <where>
      <foreach collection="example.oredCriteria" item="criteria" separator="or">
        <if test="criteria.valid">
          <trim prefix="(" prefixOverrides="and" suffix=")">
            <foreach collection="criteria.criteria" item="criterion">
              <choose>
                <when test="criterion.noValue">
                  and ${criterion.condition}
                </when>
                <when test="criterion.singleValue">
                  and ${criterion.condition} #{criterion.value}
                </when>
                <when test="criterion.betweenValue">
                  and ${criterion.condition} #{criterion.value} and #{criterion.secondValue}
                </when>
                <when test="criterion.listValue">
                  and ${criterion.condition}
                  <foreach close=")" collection="criterion.value" item="listItem" open="(" separator=",">
                    #{listItem}
                  </foreach>
                </when>
              </choose>
            </foreach>
          </trim>
        </if>
      </foreach>
    </where>
  </sql>
  <sql id="Base_Column_List">
    carnumber, cartype, color, price, rentprice, deposit, isrenting, description, carimg, 
    createtime
  </sql>
  <select id="selectByExample" parameterType="com.atguigu.bus.bean.BusCarExample" resultMap="BaseResultMap">
    select
    <if test="distinct">
      distinct
    </if>
    <include refid="Base_Column_List" />
    from bus_car
    <if test="_parameter != null">
      <include refid="Example_Where_Clause" />
    </if>
    <if test="orderByClause != null">
      order by ${orderByClause}
    </if>
  </select>
  <select id="selectByPrimaryKey" parameterType="java.lang.String" resultMap="BaseResultMap">
    select 
    <include refid="Base_Column_List" />
    from bus_car
    where carnumber = #{carnumber,jdbcType=VARCHAR}
  </select>
  <delete id="deleteByPrimaryKey" parameterType="java.lang.String">
    delete from bus_car
    where carnumber = #{carnumber,jdbcType=VARCHAR}
  </delete>
  <delete id="deleteByExample" parameterType="com.atguigu.bus.bean.BusCarExample">
    delete from bus_car
    <if test="_parameter != null">
      <include refid="Example_Where_Clause" />
    </if>
  </delete>
  <insert id="insert" parameterType="com.atguigu.bus.bean.BusCar">
    insert into bus_car (carnumber, cartype, color, 
      price, rentprice, deposit, 
      isrenting, description, carimg, 
      createtime)
    values (#{carnumber,jdbcType=VARCHAR}, #{cartype,jdbcType=VARCHAR}, #{color,jdbcType=VARCHAR}, 
      #{price,jdbcType=DOUBLE}, #{rentprice,jdbcType=DOUBLE}, #{deposit,jdbcType=DOUBLE}, 
      #{isrenting,jdbcType=INTEGER}, #{description,jdbcType=VARCHAR}, #{carimg,jdbcType=VARCHAR}, 
      #{createtime,jdbcType=TIMESTAMP})
  </insert>
  <insert id="insertSelective" parameterType="com.atguigu.bus.bean.BusCar">
    insert into bus_car
    <trim prefix="(" suffix=")" suffixOverrides=",">
      <if test="carnumber != null">
        carnumber,
      </if>
      <if test="cartype != null">
        cartype,
      </if>
      <if test="color != null">
        color,
      </if>
      <if test="price != null">
        price,
      </if>
      <if test="rentprice != null">
        rentprice,
      </if>
      <if test="deposit != null">
        deposit,
      </if>
      <if test="isrenting != null">
        isrenting,
      </if>
      <if test="description != null">
        description,
      </if>
      <if test="carimg != null">
        carimg,
      </if>
      <if test="createtime != null">
        createtime,
      </if>
    </trim>
    <trim prefix="values (" suffix=")" suffixOverrides=",">
      <if test="carnumber != null">
        #{carnumber,jdbcType=VARCHAR},
      </if>
      <if test="cartype != null">
        #{cartype,jdbcType=VARCHAR},
      </if>
      <if test="color != null">
        #{color,jdbcType=VARCHAR},
      </if>
      <if test="price != null">
        #{price,jdbcType=DOUBLE},
      </if>
      <if test="rentprice != null">
        #{rentprice,jdbcType=DOUBLE},
      </if>
      <if test="deposit != null">
        #{deposit,jdbcType=DOUBLE},
      </if>
      <if test="isrenting != null">
        #{isrenting,jdbcType=INTEGER},
      </if>
      <if test="description != null">
        #{description,jdbcType=VARCHAR},
      </if>
      <if test="carimg != null">
        #{carimg,jdbcType=VARCHAR},
      </if>
      <if test="createtime != null">
        #{createtime,jdbcType=TIMESTAMP},
      </if>
    </trim>
  </insert>
  <select id="countByExample" parameterType="com.atguigu.bus.bean.BusCarExample" resultType="java.lang.Long">
    select count(*) from bus_car
    <if test="_parameter != null">
      <include refid="Example_Where_Clause" />
    </if>
  </select>
  <update id="updateByExampleSelective" parameterType="map">
    update bus_car
    <set>
      <if test="record.carnumber != null">
        carnumber = #{record.carnumber,jdbcType=VARCHAR},
      </if>
      <if test="record.cartype != null">
        cartype = #{record.cartype,jdbcType=VARCHAR},
      </if>
      <if test="record.color != null">
        color = #{record.color,jdbcType=VARCHAR},
      </if>
      <if test="record.price != null">
        price = #{record.price,jdbcType=DOUBLE},
      </if>
      <if test="record.rentprice != null">
        rentprice = #{record.rentprice,jdbcType=DOUBLE},
      </if>
      <if test="record.deposit != null">
        deposit = #{record.deposit,jdbcType=DOUBLE},
      </if>
      <if test="record.isrenting != null">
        isrenting = #{record.isrenting,jdbcType=INTEGER},
      </if>
      <if test="record.description != null">
        description = #{record.description,jdbcType=VARCHAR},
      </if>
      <if test="record.carimg != null">
        carimg = #{record.carimg,jdbcType=VARCHAR},
      </if>
      <if test="record.createtime != null">
        createtime = #{record.createtime,jdbcType=TIMESTAMP},
      </if>
    </set>
    <if test="_parameter != null">
      <include refid="Update_By_Example_Where_Clause" />
    </if>
  </update>
  <update id="updateByExample" parameterType="map">
    update bus_car
    set carnumber = #{record.carnumber,jdbcType=VARCHAR},
      cartype = #{record.cartype,jdbcType=VARCHAR},
      color = #{record.color,jdbcType=VARCHAR},
      price = #{record.price,jdbcType=DOUBLE},
      rentprice = #{record.rentprice,jdbcType=DOUBLE},
      deposit = #{record.deposit,jdbcType=DOUBLE},
      isrenting = #{record.isrenting,jdbcType=INTEGER},
      description = #{record.description,jdbcType=VARCHAR},
      carimg = #{record.carimg,jdbcType=VARCHAR},
      createtime = #{record.createtime,jdbcType=TIMESTAMP}
    <if test="_parameter != null">
      <include refid="Update_By_Example_Where_Clause" />
    </if>
  </update>
  <update id="updateByPrimaryKeySelective" parameterType="com.atguigu.bus.bean.BusCar">
    update bus_car
    <set>
      <if test="cartype != null">
        cartype = #{cartype,jdbcType=VARCHAR},
      </if>
      <if test="color != null">
        color = #{color,jdbcType=VARCHAR},
      </if>
      <if test="price != null">
        price = #{price,jdbcType=DOUBLE},
      </if>
      <if test="rentprice != null">
        rentprice = #{rentprice,jdbcType=DOUBLE},
      </if>
      <if test="deposit != null">
        deposit = #{deposit,jdbcType=DOUBLE},
      </if>
      <if test="isrenting != null">
        isrenting = #{isrenting,jdbcType=INTEGER},
      </if>
      <if test="description != null">
        description = #{description,jdbcType=VARCHAR},
      </if>
      <if test="carimg != null">
        carimg = #{carimg,jdbcType=VARCHAR},
      </if>
      <if test="createtime != null">
        createtime = #{createtime,jdbcType=TIMESTAMP},
      </if>
    </set>
    where carnumber = #{carnumber,jdbcType=VARCHAR}
  </update>
  <update id="updateByPrimaryKey" parameterType="com.atguigu.bus.bean.BusCar">
    update bus_car
    set cartype = #{cartype,jdbcType=VARCHAR},
      color = #{color,jdbcType=VARCHAR},
      price = #{price,jdbcType=DOUBLE},
      rentprice = #{rentprice,jdbcType=DOUBLE},
      deposit = #{deposit,jdbcType=DOUBLE},
      isrenting = #{isrenting,jdbcType=INTEGER},
      description = #{description,jdbcType=VARCHAR},
      carimg = #{carimg,jdbcType=VARCHAR},
      createtime = #{createtime,jdbcType=TIMESTAMP}
    where carnumber = #{carnumber,jdbcType=VARCHAR}
  </update>
</mapper>