<?xml version="1.0" encoding="UTF-8"?>
<!DOCTYPE mapper PUBLIC "-//mybatis.org//DTD Mapper 3.0//EN" "http://mybatis.org/dtd/mybatis-3-mapper.dtd">
<mapper namespace="com.atguigu.bus.mapper.BusCustomerMapper">
  <select id="getCustomerByRentId" resultType="com.atguigu.bus.bean.BusCustomer">
        SELECT t1.*
        FROM bus_customer t1
        JOIN bus_rent t2
        ON t1.`identity`=t2.`identity`
        WHERE t2.`rentid`=#{rentid}
  </select>
  <resultMap id="BaseResultMap" type="com.atguigu.bus.bean.BusCustomer">
    <id column="identity" jdbcType="VARCHAR" property="identity" />
    <result column="custname" jdbcType="VARCHAR" property="custname" />
    <result column="sex" jdbcType="INTEGER" property="sex" />
    <result column="address" jdbcType="VARCHAR" property="address" />
    <result column="phone" jdbcType="VARCHAR" property="phone" />
    <result column="career" jdbcType="VARCHAR" property="career" />
    <result column="createtime" jdbcType="TIMESTAMP" property="createtime" />
  </resultMap>
  <sql id="Example_Where_Clause">
    <where>
      <foreach collection="oredCriteria" item="criteria" separator="or">
        <if test="criteria.valid">
          <trim prefix="(" prefixOverrides="and" suffix=")">
            <foreach collection="criteria.criteria" item="criterion">
              <choose>
                <when test="criterion.noValue">
                  and ${criterion.condition}
                </when>
                <when test="criterion.singleValue">
                  and ${criterion.condition} #{criterion.value}
                </when>
                <when test="criterion.betweenValue">
                  and ${criterion.condition} #{criterion.value} and #{criterion.secondValue}
                </when>
                <when test="criterion.listValue">
                  and ${criterion.condition}
                  <foreach close=")" collection="criterion.value" item="listItem" open="(" separator=",">
                    #{listItem}
                  </foreach>
                </when>
              </choose>
            </foreach>
          </trim>
        </if>
      </foreach>
    </where>
  </sql>
  <sql id="Update_By_Example_Where_Clause">
    <where>
      <foreach collection="example.oredCriteria" item="criteria" separator="or">
        <if test="criteria.valid">
          <trim prefix="(" prefixOverrides="and" suffix=")">
            <foreach collection="criteria.criteria" item="criterion">
              <choose>
                <when test="criterion.noValue">
                  and ${criterion.condition}
                </when>
                <when test="criterion.singleValue">
                  and ${criterion.condition} #{criterion.value}
                </when>
                <when test="criterion.betweenValue">
                  and ${criterion.condition} #{criterion.value} and #{criterion.secondValue}
                </when>
                <when test="criterion.listValue">
                  and ${criterion.condition}
                  <foreach close=")" collection="criterion.value" item="listItem" open="(" separator=",">
                    #{listItem}
                  </foreach>
                </when>
              </choose>
            </foreach>
          </trim>
        </if>
      </foreach>
    </where>
  </sql>
  <sql id="Base_Column_List">
    identity, custname, sex, address, phone, career, createtime
  </sql>
  <select id="selectByExample" parameterType="com.atguigu.bus.bean.BusCustomerExample" resultMap="BaseResultMap">
    select
    <if test="distinct">
      distinct
    </if>
    <include refid="Base_Column_List" />
    from bus_customer
    <if test="_parameter != null">
      <include refid="Example_Where_Clause" />
    </if>
    <if test="orderByClause != null">
      order by ${orderByClause}
    </if>
  </select>
  <select id="selectByPrimaryKey" parameterType="java.lang.String" resultMap="BaseResultMap">
    select 
    <include refid="Base_Column_List" />
    from bus_customer
    where identity = #{identity,jdbcType=VARCHAR}
  </select>
  <delete id="deleteByPrimaryKey" parameterType="java.lang.String">
    delete from bus_customer
    where identity = #{identity,jdbcType=VARCHAR}
  </delete>
  <delete id="deleteByExample" parameterType="com.atguigu.bus.bean.BusCustomerExample">
    delete from bus_customer
    <if test="_parameter != null">
      <include refid="Example_Where_Clause" />
    </if>
  </delete>
  <insert id="insert" parameterType="com.atguigu.bus.bean.BusCustomer">
    insert into bus_customer (identity, custname, sex, 
      address, phone, career, 
      createtime)
    values (#{identity,jdbcType=VARCHAR}, #{custname,jdbcType=VARCHAR}, #{sex,jdbcType=INTEGER}, 
      #{address,jdbcType=VARCHAR}, #{phone,jdbcType=VARCHAR}, #{career,jdbcType=VARCHAR}, 
      #{createtime,jdbcType=TIMESTAMP})
  </insert>
  <insert id="insertSelective" parameterType="com.atguigu.bus.bean.BusCustomer">
    insert into bus_customer
    <trim prefix="(" suffix=")" suffixOverrides=",">
      <if test="identity != null">
        identity,
      </if>
      <if test="custname != null">
        custname,
      </if>
      <if test="sex != null">
        sex,
      </if>
      <if test="address != null">
        address,
      </if>
      <if test="phone != null">
        phone,
      </if>
      <if test="career != null">
        career,
      </if>
      <if test="createtime != null">
        createtime,
      </if>
    </trim>
    <trim prefix="values (" suffix=")" suffixOverrides=",">
      <if test="identity != null">
        #{identity,jdbcType=VARCHAR},
      </if>
      <if test="custname != null">
        #{custname,jdbcType=VARCHAR},
      </if>
      <if test="sex != null">
        #{sex,jdbcType=INTEGER},
      </if>
      <if test="address != null">
        #{address,jdbcType=VARCHAR},
      </if>
      <if test="phone != null">
        #{phone,jdbcType=VARCHAR},
      </if>
      <if test="career != null">
        #{career,jdbcType=VARCHAR},
      </if>
      <if test="createtime != null">
        #{createtime,jdbcType=TIMESTAMP},
      </if>
    </trim>
  </insert>
  <select id="countByExample" parameterType="com.atguigu.bus.bean.BusCustomerExample" resultType="java.lang.Long">
    select count(*) from bus_customer
    <if test="_parameter != null">
      <include refid="Example_Where_Clause" />
    </if>
  </select>
  <update id="updateByExampleSelective" parameterType="map">
    update bus_customer
    <set>
      <if test="record.identity != null">
        identity = #{record.identity,jdbcType=VARCHAR},
      </if>
      <if test="record.custname != null">
        custname = #{record.custname,jdbcType=VARCHAR},
      </if>
      <if test="record.sex != null">
        sex = #{record.sex,jdbcType=INTEGER},
      </if>
      <if test="record.address != null">
        address = #{record.address,jdbcType=VARCHAR},
      </if>
      <if test="record.phone != null">
        phone = #{record.phone,jdbcType=VARCHAR},
      </if>
      <if test="record.career != null">
        career = #{record.career,jdbcType=VARCHAR},
      </if>
      <if test="record.createtime != null">
        createtime = #{record.createtime,jdbcType=TIMESTAMP},
      </if>
    </set>
    <if test="_parameter != null">
      <include refid="Update_By_Example_Where_Clause" />
    </if>
  </update>
  <update id="updateByExample" parameterType="map">
    update bus_customer
    set identity = #{record.identity,jdbcType=VARCHAR},
      custname = #{record.custname,jdbcType=VARCHAR},
      sex = #{record.sex,jdbcType=INTEGER},
      address = #{record.address,jdbcType=VARCHAR},
      phone = #{record.phone,jdbcType=VARCHAR},
      career = #{record.career,jdbcType=VARCHAR},
      createtime = #{record.createtime,jdbcType=TIMESTAMP}
    <if test="_parameter != null">
      <include refid="Update_By_Example_Where_Clause" />
    </if>
  </update>
  <update id="updateByPrimaryKeySelective" parameterType="com.atguigu.bus.bean.BusCustomer">
    update bus_customer
    <set>
      <if test="custname != null">
        custname = #{custname,jdbcType=VARCHAR},
      </if>
      <if test="sex != null">
        sex = #{sex,jdbcType=INTEGER},
      </if>
      <if test="address != null">
        address = #{address,jdbcType=VARCHAR},
      </if>
      <if test="phone != null">
        phone = #{phone,jdbcType=VARCHAR},
      </if>
      <if test="career != null">
        career = #{career,jdbcType=VARCHAR},
      </if>
      <if test="createtime != null">
        createtime = #{createtime,jdbcType=TIMESTAMP},
      </if>
    </set>
    where identity = #{identity,jdbcType=VARCHAR}
  </update>
  <update id="updateByPrimaryKey" parameterType="com.atguigu.bus.bean.BusCustomer">
    update bus_customer
    set custname = #{custname,jdbcType=VARCHAR},
      sex = #{sex,jdbcType=INTEGER},
      address = #{address,jdbcType=VARCHAR},
      phone = #{phone,jdbcType=VARCHAR},
      career = #{career,jdbcType=VARCHAR},
      createtime = #{createtime,jdbcType=TIMESTAMP}
    where identity = #{identity,jdbcType=VARCHAR}
  </update>
</mapper>