<?xml version="1.0" encoding="UTF-8"?>
<!DOCTYPE mapper PUBLIC "-//mybatis.org//DTD Mapper 3.0//EN" "http://mybatis.org/dtd/mybatis-3-mapper.dtd">
<mapper namespace="com.atguigu.bus.mapper.BusRentMapper">
  <resultMap id="BaseResultMap" type="com.atguigu.bus.bean.BusRent">
    <id column="rentid" jdbcType="VARCHAR" property="rentid" />
    <result column="price" jdbcType="DOUBLE" property="price" />
    <result column="begindate" jdbcType="TIMESTAMP" property="begindate" />
    <result column="returndate" jdbcType="TIMESTAMP" property="returndate" />
    <result column="rentflag" jdbcType="INTEGER" property="rentflag" />
    <result column="identity" jdbcType="VARCHAR" property="identity" />
    <result column="carnumber" jdbcType="VARCHAR" property="carnumber" />
    <result column="opername" jdbcType="VARCHAR" property="opername" />
    <result column="createtime" jdbcType="TIMESTAMP" property="createtime" />
  </resultMap>
  <sql id="Example_Where_Clause">
    <where>
      <foreach collection="oredCriteria" item="criteria" separator="or">
        <if test="criteria.valid">
          <trim prefix="(" prefixOverrides="and" suffix=")">
            <foreach collection="criteria.criteria" item="criterion">
              <choose>
                <when test="criterion.noValue">
                  and ${criterion.condition}
                </when>
                <when test="criterion.singleValue">
                  and ${criterion.condition} #{criterion.value}
                </when>
                <when test="criterion.betweenValue">
                  and ${criterion.condition} #{criterion.value} and #{criterion.secondValue}
                </when>
                <when test="criterion.listValue">
                  and ${criterion.condition}
                  <foreach close=")" collection="criterion.value" item="listItem" open="(" separator=",">
                    #{listItem}
                  </foreach>
                </when>
              </choose>
            </foreach>
          </trim>
        </if>
      </foreach>
    </where>
  </sql>
  <sql id="Update_By_Example_Where_Clause">
    <where>
      <foreach collection="example.oredCriteria" item="criteria" separator="or">
        <if test="criteria.valid">
          <trim prefix="(" prefixOverrides="and" suffix=")">
            <foreach collection="criteria.criteria" item="criterion">
              <choose>
                <when test="criterion.noValue">
                  and ${criterion.condition}
                </when>
                <when test="criterion.singleValue">
                  and ${criterion.condition} #{criterion.value}
                </when>
                <when test="criterion.betweenValue">
                  and ${criterion.condition} #{criterion.value} and #{criterion.secondValue}
                </when>
                <when test="criterion.listValue">
                  and ${criterion.condition}
                  <foreach close=")" collection="criterion.value" item="listItem" open="(" separator=",">
                    #{listItem}
                  </foreach>
                </when>
              </choose>
            </foreach>
          </trim>
        </if>
      </foreach>
    </where>
  </sql>
  <sql id="Base_Column_List">
    rentid, price, begindate, returndate, rentflag, identity, carnumber, opername, createtime
  </sql>
  <select id="selectByExample" parameterType="com.atguigu.bus.bean.BusRentExample" resultMap="BaseResultMap">
    select
    <if test="distinct">
      distinct
    </if>
    <include refid="Base_Column_List" />
    from bus_rent
    <if test="_parameter != null">
      <include refid="Example_Where_Clause" />
    </if>
    <if test="orderByClause != null">
      order by ${orderByClause}
    </if>
  </select>
  <select id="selectByPrimaryKey" parameterType="java.lang.String" resultMap="BaseResultMap">
    select 
    <include refid="Base_Column_List" />
    from bus_rent
    where rentid = #{rentid,jdbcType=VARCHAR}
  </select>
  <delete id="deleteByPrimaryKey" parameterType="java.lang.String">
    delete from bus_rent
    where rentid = #{rentid,jdbcType=VARCHAR}
  </delete>
  <delete id="deleteByExample" parameterType="com.atguigu.bus.bean.BusRentExample">
    delete from bus_rent
    <if test="_parameter != null">
      <include refid="Example_Where_Clause" />
    </if>
  </delete>
  <insert id="insert" parameterType="com.atguigu.bus.bean.BusRent">
    insert into bus_rent (rentid, price, begindate, 
      returndate, rentflag, identity, 
      carnumber, opername, createtime
      )
    values (#{rentid,jdbcType=VARCHAR}, #{price,jdbcType=DOUBLE}, #{begindate,jdbcType=TIMESTAMP}, 
      #{returndate,jdbcType=TIMESTAMP}, #{rentflag,jdbcType=INTEGER}, #{identity,jdbcType=VARCHAR}, 
      #{carnumber,jdbcType=VARCHAR}, #{opername,jdbcType=VARCHAR}, #{createtime,jdbcType=TIMESTAMP}
      )
  </insert>
  <insert id="insertSelective" parameterType="com.atguigu.bus.bean.BusRent">
    insert into bus_rent
    <trim prefix="(" suffix=")" suffixOverrides=",">
      <if test="rentid != null">
        rentid,
      </if>
      <if test="price != null">
        price,
      </if>
      <if test="begindate != null">
        begindate,
      </if>
      <if test="returndate != null">
        returndate,
      </if>
      <if test="rentflag != null">
        rentflag,
      </if>
      <if test="identity != null">
        identity,
      </if>
      <if test="carnumber != null">
        carnumber,
      </if>
      <if test="opername != null">
        opername,
      </if>
      <if test="createtime != null">
        createtime,
      </if>
    </trim>
    <trim prefix="values (" suffix=")" suffixOverrides=",">
      <if test="rentid != null">
        #{rentid,jdbcType=VARCHAR},
      </if>
      <if test="price != null">
        #{price,jdbcType=DOUBLE},
      </if>
      <if test="begindate != null">
        #{begindate,jdbcType=TIMESTAMP},
      </if>
      <if test="returndate != null">
        #{returndate,jdbcType=TIMESTAMP},
      </if>
      <if test="rentflag != null">
        #{rentflag,jdbcType=INTEGER},
      </if>
      <if test="identity != null">
        #{identity,jdbcType=VARCHAR},
      </if>
      <if test="carnumber != null">
        #{carnumber,jdbcType=VARCHAR},
      </if>
      <if test="opername != null">
        #{opername,jdbcType=VARCHAR},
      </if>
      <if test="createtime != null">
        #{createtime,jdbcType=TIMESTAMP},
      </if>
    </trim>
  </insert>
  <select id="countByExample" parameterType="com.atguigu.bus.bean.BusRentExample" resultType="java.lang.Long">
    select count(*) from bus_rent
    <if test="_parameter != null">
      <include refid="Example_Where_Clause" />
    </if>
  </select>
  <update id="updateByExampleSelective" parameterType="map">
    update bus_rent
    <set>
      <if test="record.rentid != null">
        rentid = #{record.rentid,jdbcType=VARCHAR},
      </if>
      <if test="record.price != null">
        price = #{record.price,jdbcType=DOUBLE},
      </if>
      <if test="record.begindate != null">
        begindate = #{record.begindate,jdbcType=TIMESTAMP},
      </if>
      <if test="record.returndate != null">
        returndate = #{record.returndate,jdbcType=TIMESTAMP},
      </if>
      <if test="record.rentflag != null">
        rentflag = #{record.rentflag,jdbcType=INTEGER},
      </if>
      <if test="record.identity != null">
        identity = #{record.identity,jdbcType=VARCHAR},
      </if>
      <if test="record.carnumber != null">
        carnumber = #{record.carnumber,jdbcType=VARCHAR},
      </if>
      <if test="record.opername != null">
        opername = #{record.opername,jdbcType=VARCHAR},
      </if>
      <if test="record.createtime != null">
        createtime = #{record.createtime,jdbcType=TIMESTAMP},
      </if>
    </set>
    <if test="_parameter != null">
      <include refid="Update_By_Example_Where_Clause" />
    </if>
  </update>
  <update id="updateByExample" parameterType="map">
    update bus_rent
    set rentid = #{record.rentid,jdbcType=VARCHAR},
      price = #{record.price,jdbcType=DOUBLE},
      begindate = #{record.begindate,jdbcType=TIMESTAMP},
      returndate = #{record.returndate,jdbcType=TIMESTAMP},
      rentflag = #{record.rentflag,jdbcType=INTEGER},
      identity = #{record.identity,jdbcType=VARCHAR},
      carnumber = #{record.carnumber,jdbcType=VARCHAR},
      opername = #{record.opername,jdbcType=VARCHAR},
      createtime = #{record.createtime,jdbcType=TIMESTAMP}
    <if test="_parameter != null">
      <include refid="Update_By_Example_Where_Clause" />
    </if>
  </update>
  <update id="updateByPrimaryKeySelective" parameterType="com.atguigu.bus.bean.BusRent">
    update bus_rent
    <set>
      <if test="price != null">
        price = #{price,jdbcType=DOUBLE},
      </if>
      <if test="begindate != null">
        begindate = #{begindate,jdbcType=TIMESTAMP},
      </if>
      <if test="returndate != null">
        returndate = #{returndate,jdbcType=TIMESTAMP},
      </if>
      <if test="rentflag != null">
        rentflag = #{rentflag,jdbcType=INTEGER},
      </if>
      <if test="identity != null">
        identity = #{identity,jdbcType=VARCHAR},
      </if>
      <if test="carnumber != null">
        carnumber = #{carnumber,jdbcType=VARCHAR},
      </if>
      <if test="opername != null">
        opername = #{opername,jdbcType=VARCHAR},
      </if>
      <if test="createtime != null">
        createtime = #{createtime,jdbcType=TIMESTAMP},
      </if>
    </set>
    where rentid = #{rentid,jdbcType=VARCHAR}
  </update>
  <update id="updateByPrimaryKey" parameterType="com.atguigu.bus.bean.BusRent">
    update bus_rent
    set price = #{price,jdbcType=DOUBLE},
      begindate = #{begindate,jdbcType=TIMESTAMP},
      returndate = #{returndate,jdbcType=TIMESTAMP},
      rentflag = #{rentflag,jdbcType=INTEGER},
      identity = #{identity,jdbcType=VARCHAR},
      carnumber = #{carnumber,jdbcType=VARCHAR},
      opername = #{opername,jdbcType=VARCHAR},
      createtime = #{createtime,jdbcType=TIMESTAMP}
    where rentid = #{rentid,jdbcType=VARCHAR}
  </update>
</mapper>