<?xml version="1.0" encoding="UTF-8"?>
<!DOCTYPE mapper PUBLIC "-//mybatis.org//DTD Mapper 3.0//EN" "http://mybatis.org/dtd/mybatis-3-mapper.dtd">
<mapper namespace="com.atguigu.sys.mapper.SysLogLoginMapper">
  <resultMap id="BaseResultMap" type="com.atguigu.sys.bean.SysLogLogin">
    <id column="id" jdbcType="INTEGER" property="id" />
    <result column="loginname" jdbcType="VARCHAR" property="loginname" />
    <result column="loginip" jdbcType="VARCHAR" property="loginip" />
    <result column="logintime" jdbcType="TIMESTAMP" property="logintime" />
  </resultMap>
  <sql id="Example_Where_Clause">
    <where>
      <foreach collection="oredCriteria" item="criteria" separator="or">
        <if test="criteria.valid">
          <trim prefix="(" prefixOverrides="and" suffix=")">
            <foreach collection="criteria.criteria" item="criterion">
              <choose>
                <when test="criterion.noValue">
                  and ${criterion.condition}
                </when>
                <when test="criterion.singleValue">
                  and ${criterion.condition} #{criterion.value}
                </when>
                <when test="criterion.betweenValue">
                  and ${criterion.condition} #{criterion.value} and #{criterion.secondValue}
                </when>
                <when test="criterion.listValue">
                  and ${criterion.condition}
                  <foreach close=")" collection="criterion.value" item="listItem" open="(" separator=",">
                    #{listItem}
                  </foreach>
                </when>
              </choose>
            </foreach>
          </trim>
        </if>
      </foreach>
    </where>
  </sql>
  <sql id="Update_By_Example_Where_Clause">
    <where>
      <foreach collection="example.oredCriteria" item="criteria" separator="or">
        <if test="criteria.valid">
          <trim prefix="(" prefixOverrides="and" suffix=")">
            <foreach collection="criteria.criteria" item="criterion">
              <choose>
                <when test="criterion.noValue">
                  and ${criterion.condition}
                </when>
                <when test="criterion.singleValue">
                  and ${criterion.condition} #{criterion.value}
                </when>
                <when test="criterion.betweenValue">
                  and ${criterion.condition} #{criterion.value} and #{criterion.secondValue}
                </when>
                <when test="criterion.listValue">
                  and ${criterion.condition}
                  <foreach close=")" collection="criterion.value" item="listItem" open="(" separator=",">
                    #{listItem}
                  </foreach>
                </when>
              </choose>
            </foreach>
          </trim>
        </if>
      </foreach>
    </where>
  </sql>
  <sql id="Base_Column_List">
    id, loginname, loginip, logintime
  </sql>
  <select id="selectByExample" parameterType="com.atguigu.sys.bean.SysLogLoginExample" resultMap="BaseResultMap">
    select
    <if test="distinct">
      distinct
    </if>
    <include refid="Base_Column_List" />
    from sys_log_login
    <if test="_parameter != null">
      <include refid="Example_Where_Clause" />
    </if>
    <if test="orderByClause != null">
      order by ${orderByClause}
    </if>
  </select>
  <select id="selectByPrimaryKey" parameterType="java.lang.Integer" resultMap="BaseResultMap">
    select 
    <include refid="Base_Column_List" />
    from sys_log_login
    where id = #{id,jdbcType=INTEGER}
  </select>
  <delete id="deleteByPrimaryKey" parameterType="java.lang.Integer">
    delete from sys_log_login
    where id = #{id,jdbcType=INTEGER}
  </delete>
  <delete id="deleteByExample" parameterType="com.atguigu.sys.bean.SysLogLoginExample">
    delete from sys_log_login
    <if test="_parameter != null">
      <include refid="Example_Where_Clause" />
    </if>
  </delete>
  <insert id="insert" parameterType="com.atguigu.sys.bean.SysLogLogin">
    insert into sys_log_login (id, loginname, loginip, 
      logintime)
    values (#{id,jdbcType=INTEGER}, #{loginname,jdbcType=VARCHAR}, #{loginip,jdbcType=VARCHAR}, 
      #{logintime,jdbcType=TIMESTAMP})
  </insert>
  <insert id="insertSelective" parameterType="com.atguigu.sys.bean.SysLogLogin">
    insert into sys_log_login
    <trim prefix="(" suffix=")" suffixOverrides=",">
      <if test="id != null">
        id,
      </if>
      <if test="loginname != null">
        loginname,
      </if>
      <if test="loginip != null">
        loginip,
      </if>
      <if test="logintime != null">
        logintime,
      </if>
    </trim>
    <trim prefix="values (" suffix=")" suffixOverrides=",">
      <if test="id != null">
        #{id,jdbcType=INTEGER},
      </if>
      <if test="loginname != null">
        #{loginname,jdbcType=VARCHAR},
      </if>
      <if test="loginip != null">
        #{loginip,jdbcType=VARCHAR},
      </if>
      <if test="logintime != null">
        #{logintime,jdbcType=TIMESTAMP},
      </if>
    </trim>
  </insert>
  <select id="countByExample" parameterType="com.atguigu.sys.bean.SysLogLoginExample" resultType="java.lang.Long">
    select count(*) from sys_log_login
    <if test="_parameter != null">
      <include refid="Example_Where_Clause" />
    </if>
  </select>
  <update id="updateByExampleSelective" parameterType="map">
    update sys_log_login
    <set>
      <if test="record.id != null">
        id = #{record.id,jdbcType=INTEGER},
      </if>
      <if test="record.loginname != null">
        loginname = #{record.loginname,jdbcType=VARCHAR},
      </if>
      <if test="record.loginip != null">
        loginip = #{record.loginip,jdbcType=VARCHAR},
      </if>
      <if test="record.logintime != null">
        logintime = #{record.logintime,jdbcType=TIMESTAMP},
      </if>
    </set>
    <if test="_parameter != null">
      <include refid="Update_By_Example_Where_Clause" />
    </if>
  </update>
  <update id="updateByExample" parameterType="map">
    update sys_log_login
    set id = #{record.id,jdbcType=INTEGER},
      loginname = #{record.loginname,jdbcType=VARCHAR},
      loginip = #{record.loginip,jdbcType=VARCHAR},
      logintime = #{record.logintime,jdbcType=TIMESTAMP}
    <if test="_parameter != null">
      <include refid="Update_By_Example_Where_Clause" />
    </if>
  </update>
  <update id="updateByPrimaryKeySelective" parameterType="com.atguigu.sys.bean.SysLogLogin">
    update sys_log_login
    <set>
      <if test="loginname != null">
        loginname = #{loginname,jdbcType=VARCHAR},
      </if>
      <if test="loginip != null">
        loginip = #{loginip,jdbcType=VARCHAR},
      </if>
      <if test="logintime != null">
        logintime = #{logintime,jdbcType=TIMESTAMP},
      </if>
    </set>
    where id = #{id,jdbcType=INTEGER}
  </update>
  <update id="updateByPrimaryKey" parameterType="com.atguigu.sys.bean.SysLogLogin">
    update sys_log_login
    set loginname = #{loginname,jdbcType=VARCHAR},
      loginip = #{loginip,jdbcType=VARCHAR},
      logintime = #{logintime,jdbcType=TIMESTAMP}
    where id = #{id,jdbcType=INTEGER}
  </update>
</mapper>