<?xml version="1.0" encoding="UTF-8"?>
<!DOCTYPE mapper PUBLIC "-//mybatis.org//DTD Mapper 3.0//EN" "http://mybatis.org/dtd/mybatis-3-mapper.dtd">
<mapper namespace="com.atguigu.sys.mapper.SysMenuMapper">
  <select id="getAllMenuById" resultType="com.atguigu.sys.bean.SysMenu">
       SELECT t1.*
          FROM sys_menu t1
          JOIN sys_role_menu t2
          ON t1.`id`=t2.`mid`
          JOIN sys_role_user t3
          ON t2.`rid`=t3.`rid`
          WHERE t3.`uid`=#{userid}
          AND t1.`available`=#{available}
  </select>
  <select id="selectMenuByRoleId" resultType="com.atguigu.sys.bean.SysMenu">
          SELECT t1.*
          FROM sys_menu t1
          JOIN sys_role_menu t2
          ON t1.`id`=t2.`mid`
          WHERE t2.`rid`=#{roleId}
  </select>
  <resultMap id="BaseResultMap" type="com.atguigu.sys.bean.SysMenu">
    <id column="id" jdbcType="INTEGER" property="id" />
    <result column="pid" jdbcType="INTEGER" property="pid" />
    <result column="title" jdbcType="VARCHAR" property="title" />
    <result column="href" jdbcType="VARCHAR" property="href" />
    <result column="spread" jdbcType="INTEGER" property="spread" />
    <result column="target" jdbcType="VARCHAR" property="target" />
    <result column="icon" jdbcType="VARCHAR" property="icon" />
    <result column="available" jdbcType="INTEGER" property="available" />
  </resultMap>
  <sql id="Example_Where_Clause">
    <where>
      <foreach collection="oredCriteria" item="criteria" separator="or">
        <if test="criteria.valid">
          <trim prefix="(" prefixOverrides="and" suffix=")">
            <foreach collection="criteria.criteria" item="criterion">
              <choose>
                <when test="criterion.noValue">
                  and ${criterion.condition}
                </when>
                <when test="criterion.singleValue">
                  and ${criterion.condition} #{criterion.value}
                </when>
                <when test="criterion.betweenValue">
                  and ${criterion.condition} #{criterion.value} and #{criterion.secondValue}
                </when>
                <when test="criterion.listValue">
                  and ${criterion.condition}
                  <foreach close=")" collection="criterion.value" item="listItem" open="(" separator=",">
                    #{listItem}
                  </foreach>
                </when>
              </choose>
            </foreach>
          </trim>
        </if>
      </foreach>
    </where>
  </sql>
  <sql id="Update_By_Example_Where_Clause">
    <where>
      <foreach collection="example.oredCriteria" item="criteria" separator="or">
        <if test="criteria.valid">
          <trim prefix="(" prefixOverrides="and" suffix=")">
            <foreach collection="criteria.criteria" item="criterion">
              <choose>
                <when test="criterion.noValue">
                  and ${criterion.condition}
                </when>
                <when test="criterion.singleValue">
                  and ${criterion.condition} #{criterion.value}
                </when>
                <when test="criterion.betweenValue">
                  and ${criterion.condition} #{criterion.value} and #{criterion.secondValue}
                </when>
                <when test="criterion.listValue">
                  and ${criterion.condition}
                  <foreach close=")" collection="criterion.value" item="listItem" open="(" separator=",">
                    #{listItem}
                  </foreach>
                </when>
              </choose>
            </foreach>
          </trim>
        </if>
      </foreach>
    </where>
  </sql>
  <sql id="Base_Column_List">
    id, pid, title, href, spread, target, icon, available
  </sql>
  <select id="selectByExample" parameterType="com.atguigu.sys.bean.SysMenuExample" resultMap="BaseResultMap">
    select
    <if test="distinct">
      distinct
    </if>
    <include refid="Base_Column_List" />
    from sys_menu
    <if test="_parameter != null">
      <include refid="Example_Where_Clause" />
    </if>
    <if test="orderByClause != null">
      order by ${orderByClause}
    </if>
  </select>
  <select id="selectByPrimaryKey" parameterType="java.lang.Integer" resultMap="BaseResultMap">
    select 
    <include refid="Base_Column_List" />
    from sys_menu
    where id = #{id,jdbcType=INTEGER}
  </select>
  <delete id="deleteByPrimaryKey" parameterType="java.lang.Integer">
    delete from sys_menu
    where id = #{id,jdbcType=INTEGER}
  </delete>
  <delete id="deleteByExample" parameterType="com.atguigu.sys.bean.SysMenuExample">
    delete from sys_menu
    <if test="_parameter != null">
      <include refid="Example_Where_Clause" />
    </if>
  </delete>
  <insert id="insert" parameterType="com.atguigu.sys.bean.SysMenu">
    insert into sys_menu (id, pid, title, 
      href, spread, target, 
      icon, available)
    values (#{id,jdbcType=INTEGER}, #{pid,jdbcType=INTEGER}, #{title,jdbcType=VARCHAR}, 
      #{href,jdbcType=VARCHAR}, #{spread,jdbcType=INTEGER}, #{target,jdbcType=VARCHAR}, 
      #{icon,jdbcType=VARCHAR}, #{available,jdbcType=INTEGER})
  </insert>
  <insert id="insertSelective" parameterType="com.atguigu.sys.bean.SysMenu">
    insert into sys_menu
    <trim prefix="(" suffix=")" suffixOverrides=",">
      <if test="id != null">
        id,
      </if>
      <if test="pid != null">
        pid,
      </if>
      <if test="title != null">
        title,
      </if>
      <if test="href != null">
        href,
      </if>
      <if test="spread != null">
        spread,
      </if>
      <if test="target != null">
        target,
      </if>
      <if test="icon != null">
        icon,
      </if>
      <if test="available != null">
        available,
      </if>
    </trim>
    <trim prefix="values (" suffix=")" suffixOverrides=",">
      <if test="id != null">
        #{id,jdbcType=INTEGER},
      </if>
      <if test="pid != null">
        #{pid,jdbcType=INTEGER},
      </if>
      <if test="title != null">
        #{title,jdbcType=VARCHAR},
      </if>
      <if test="href != null">
        #{href,jdbcType=VARCHAR},
      </if>
      <if test="spread != null">
        #{spread,jdbcType=INTEGER},
      </if>
      <if test="target != null">
        #{target,jdbcType=VARCHAR},
      </if>
      <if test="icon != null">
        #{icon,jdbcType=VARCHAR},
      </if>
      <if test="available != null">
        #{available,jdbcType=INTEGER},
      </if>
    </trim>
  </insert>
  <select id="countByExample" parameterType="com.atguigu.sys.bean.SysMenuExample" resultType="java.lang.Long">
    select count(*) from sys_menu
    <if test="_parameter != null">
      <include refid="Example_Where_Clause" />
    </if>
  </select>
  <update id="updateByExampleSelective" parameterType="map">
    update sys_menu
    <set>
      <if test="record.id != null">
        id = #{record.id,jdbcType=INTEGER},
      </if>
      <if test="record.pid != null">
        pid = #{record.pid,jdbcType=INTEGER},
      </if>
      <if test="record.title != null">
        title = #{record.title,jdbcType=VARCHAR},
      </if>
      <if test="record.href != null">
        href = #{record.href,jdbcType=VARCHAR},
      </if>
      <if test="record.spread != null">
        spread = #{record.spread,jdbcType=INTEGER},
      </if>
      <if test="record.target != null">
        target = #{record.target,jdbcType=VARCHAR},
      </if>
      <if test="record.icon != null">
        icon = #{record.icon,jdbcType=VARCHAR},
      </if>
      <if test="record.available != null">
        available = #{record.available,jdbcType=INTEGER},
      </if>
    </set>
    <if test="_parameter != null">
      <include refid="Update_By_Example_Where_Clause" />
    </if>
  </update>
  <update id="updateByExample" parameterType="map">
    update sys_menu
    set id = #{record.id,jdbcType=INTEGER},
      pid = #{record.pid,jdbcType=INTEGER},
      title = #{record.title,jdbcType=VARCHAR},
      href = #{record.href,jdbcType=VARCHAR},
      spread = #{record.spread,jdbcType=INTEGER},
      target = #{record.target,jdbcType=VARCHAR},
      icon = #{record.icon,jdbcType=VARCHAR},
      available = #{record.available,jdbcType=INTEGER}
    <if test="_parameter != null">
      <include refid="Update_By_Example_Where_Clause" />
    </if>
  </update>
  <update id="updateByPrimaryKeySelective" parameterType="com.atguigu.sys.bean.SysMenu">
    update sys_menu
    <set>
      <if test="pid != null">
        pid = #{pid,jdbcType=INTEGER},
      </if>
      <if test="title != null">
        title = #{title,jdbcType=VARCHAR},
      </if>
      <if test="href != null">
        href = #{href,jdbcType=VARCHAR},
      </if>
      <if test="spread != null">
        spread = #{spread,jdbcType=INTEGER},
      </if>
      <if test="target != null">
        target = #{target,jdbcType=VARCHAR},
      </if>
      <if test="icon != null">
        icon = #{icon,jdbcType=VARCHAR},
      </if>
      <if test="available != null">
        available = #{available,jdbcType=INTEGER},
      </if>
    </set>
    where id = #{id,jdbcType=INTEGER}
  </update>
  <update id="updateByPrimaryKey" parameterType="com.atguigu.sys.bean.SysMenu">
    update sys_menu
    set pid = #{pid,jdbcType=INTEGER},
      title = #{title,jdbcType=VARCHAR},
      href = #{href,jdbcType=VARCHAR},
      spread = #{spread,jdbcType=INTEGER},
      target = #{target,jdbcType=VARCHAR},
      icon = #{icon,jdbcType=VARCHAR},
      available = #{available,jdbcType=INTEGER}
    where id = #{id,jdbcType=INTEGER}
  </update>
</mapper>