<?xml version="1.0" encoding="UTF-8"?>
<!DOCTYPE mapper PUBLIC "-//mybatis.org//DTD Mapper 3.0//EN" "http://mybatis.org/dtd/mybatis-3-mapper.dtd">
<mapper namespace="com.atguigu.sys.mapper.SysRoleMenuMapper">
  <insert id="batchInsertByRoleIdAndMid">
    insert into sys_role_menu(rid,mid)
    values
    <foreach collection="ids" separator="," item="mid">
      (#{roleId},#{mid})
    </foreach>
  </insert>
  <resultMap id="BaseResultMap" type="com.atguigu.sys.bean.SysRoleMenuKey">
    <id column="rid" jdbcType="INTEGER" property="rid" />
    <id column="mid" jdbcType="INTEGER" property="mid" />
  </resultMap>
  <sql id="Example_Where_Clause">
    <where>
      <foreach collection="oredCriteria" item="criteria" separator="or">
        <if test="criteria.valid">
          <trim prefix="(" prefixOverrides="and" suffix=")">
            <foreach collection="criteria.criteria" item="criterion">
              <choose>
                <when test="criterion.noValue">
                  and ${criterion.condition}
                </when>
                <when test="criterion.singleValue">
                  and ${criterion.condition} #{criterion.value}
                </when>
                <when test="criterion.betweenValue">
                  and ${criterion.condition} #{criterion.value} and #{criterion.secondValue}
                </when>
                <when test="criterion.listValue">
                  and ${criterion.condition}
                  <foreach close=")" collection="criterion.value" item="listItem" open="(" separator=",">
                    #{listItem}
                  </foreach>
                </when>
              </choose>
            </foreach>
          </trim>
        </if>
      </foreach>
    </where>
  </sql>
  <sql id="Update_By_Example_Where_Clause">
    <where>
      <foreach collection="example.oredCriteria" item="criteria" separator="or">
        <if test="criteria.valid">
          <trim prefix="(" prefixOverrides="and" suffix=")">
            <foreach collection="criteria.criteria" item="criterion">
              <choose>
                <when test="criterion.noValue">
                  and ${criterion.condition}
                </when>
                <when test="criterion.singleValue">
                  and ${criterion.condition} #{criterion.value}
                </when>
                <when test="criterion.betweenValue">
                  and ${criterion.condition} #{criterion.value} and #{criterion.secondValue}
                </when>
                <when test="criterion.listValue">
                  and ${criterion.condition}
                  <foreach close=")" collection="criterion.value" item="listItem" open="(" separator=",">
                    #{listItem}
                  </foreach>
                </when>
              </choose>
            </foreach>
          </trim>
        </if>
      </foreach>
    </where>
  </sql>
  <sql id="Base_Column_List">
    rid, mid
  </sql>
  <select id="selectByExample" parameterType="com.atguigu.sys.bean.SysRoleMenuExample" resultMap="BaseResultMap">
    select
    <if test="distinct">
      distinct
    </if>
    <include refid="Base_Column_List" />
    from sys_role_menu
    <if test="_parameter != null">
      <include refid="Example_Where_Clause" />
    </if>
    <if test="orderByClause != null">
      order by ${orderByClause}
    </if>
  </select>
  <delete id="deleteByPrimaryKey" parameterType="com.atguigu.sys.bean.SysRoleMenuKey">
    delete from sys_role_menu
    where rid = #{rid,jdbcType=INTEGER}
      and mid = #{mid,jdbcType=INTEGER}
  </delete>
  <delete id="deleteByExample" parameterType="com.atguigu.sys.bean.SysRoleMenuExample">
    delete from sys_role_menu
    <if test="_parameter != null">
      <include refid="Example_Where_Clause" />
    </if>
  </delete>
  <insert id="insert" parameterType="com.atguigu.sys.bean.SysRoleMenuKey">
    insert into sys_role_menu (rid, mid)
    values (#{rid,jdbcType=INTEGER}, #{mid,jdbcType=INTEGER})
  </insert>
  <insert id="insertSelective" parameterType="com.atguigu.sys.bean.SysRoleMenuKey">
    insert into sys_role_menu
    <trim prefix="(" suffix=")" suffixOverrides=",">
      <if test="rid != null">
        rid,
      </if>
      <if test="mid != null">
        mid,
      </if>
    </trim>
    <trim prefix="values (" suffix=")" suffixOverrides=",">
      <if test="rid != null">
        #{rid,jdbcType=INTEGER},
      </if>
      <if test="mid != null">
        #{mid,jdbcType=INTEGER},
      </if>
    </trim>
  </insert>
  <select id="countByExample" parameterType="com.atguigu.sys.bean.SysRoleMenuExample" resultType="java.lang.Long">
    select count(*) from sys_role_menu
    <if test="_parameter != null">
      <include refid="Example_Where_Clause" />
    </if>
  </select>
  <update id="updateByExampleSelective" parameterType="map">
    update sys_role_menu
    <set>
      <if test="record.rid != null">
        rid = #{record.rid,jdbcType=INTEGER},
      </if>
      <if test="record.mid != null">
        mid = #{record.mid,jdbcType=INTEGER},
      </if>
    </set>
    <if test="_parameter != null">
      <include refid="Update_By_Example_Where_Clause" />
    </if>
  </update>
  <update id="updateByExample" parameterType="map">
    update sys_role_menu
    set rid = #{record.rid,jdbcType=INTEGER},
      mid = #{record.mid,jdbcType=INTEGER}
    <if test="_parameter != null">
      <include refid="Update_By_Example_Where_Clause" />
    </if>
  </update>
</mapper>