<?xml version="1.0" encoding="UTF-8"?>
<!DOCTYPE mapper PUBLIC "-//mybatis.org//DTD Mapper 3.0//EN" "http://mybatis.org/dtd/mybatis-3-mapper.dtd">
<mapper namespace="com.atguigu.sys.mapper.SysRoleMapper">
  <resultMap id="BaseResultMap" type="com.atguigu.sys.bean.SysRole">
    <id column="roleid" jdbcType="INTEGER" property="roleid" />
    <result column="rolename" jdbcType="VARCHAR" property="rolename" />
    <result column="roledesc" jdbcType="VARCHAR" property="roledesc" />
    <result column="available" jdbcType="INTEGER" property="available" />
  </resultMap>
  <sql id="Example_Where_Clause">
    <where>
      <foreach collection="oredCriteria" item="criteria" separator="or">
        <if test="criteria.valid">
          <trim prefix="(" prefixOverrides="and" suffix=")">
            <foreach collection="criteria.criteria" item="criterion">
              <choose>
                <when test="criterion.noValue">
                  and ${criterion.condition}
                </when>
                <when test="criterion.singleValue">
                  and ${criterion.condition} #{criterion.value}
                </when>
                <when test="criterion.betweenValue">
                  and ${criterion.condition} #{criterion.value} and #{criterion.secondValue}
                </when>
                <when test="criterion.listValue">
                  and ${criterion.condition}
                  <foreach close=")" collection="criterion.value" item="listItem" open="(" separator=",">
                    #{listItem}
                  </foreach>
                </when>
              </choose>
            </foreach>
          </trim>
        </if>
      </foreach>
    </where>
  </sql>
  <sql id="Update_By_Example_Where_Clause">
    <where>
      <foreach collection="example.oredCriteria" item="criteria" separator="or">
        <if test="criteria.valid">
          <trim prefix="(" prefixOverrides="and" suffix=")">
            <foreach collection="criteria.criteria" item="criterion">
              <choose>
                <when test="criterion.noValue">
                  and ${criterion.condition}
                </when>
                <when test="criterion.singleValue">
                  and ${criterion.condition} #{criterion.value}
                </when>
                <when test="criterion.betweenValue">
                  and ${criterion.condition} #{criterion.value} and #{criterion.secondValue}
                </when>
                <when test="criterion.listValue">
                  and ${criterion.condition}
                  <foreach close=")" collection="criterion.value" item="listItem" open="(" separator=",">
                    #{listItem}
                  </foreach>
                </when>
              </choose>
            </foreach>
          </trim>
        </if>
      </foreach>
    </where>
  </sql>
  <sql id="Base_Column_List">
    roleid, rolename, roledesc, available
  </sql>
  <select id="selectByExample" parameterType="com.atguigu.sys.bean.SysRoleExample" resultMap="BaseResultMap">
    select
    <if test="distinct">
      distinct
    </if>
    <include refid="Base_Column_List" />
    from sys_role
    <if test="_parameter != null">
      <include refid="Example_Where_Clause" />
    </if>
    <if test="orderByClause != null">
      order by ${orderByClause}
    </if>
  </select>
  <select id="selectByPrimaryKey" parameterType="java.lang.Integer" resultMap="BaseResultMap">
    select 
    <include refid="Base_Column_List" />
    from sys_role
    where roleid = #{roleid,jdbcType=INTEGER}
  </select>
  <delete id="deleteByPrimaryKey" parameterType="java.lang.Integer">
    delete from sys_role
    where roleid = #{roleid,jdbcType=INTEGER}
  </delete>
  <delete id="deleteByExample" parameterType="com.atguigu.sys.bean.SysRoleExample">
    delete from sys_role
    <if test="_parameter != null">
      <include refid="Example_Where_Clause" />
    </if>
  </delete>
  <insert id="insert" parameterType="com.atguigu.sys.bean.SysRole">
    insert into sys_role (roleid, rolename, roledesc, 
      available)
    values (#{roleid,jdbcType=INTEGER}, #{rolename,jdbcType=VARCHAR}, #{roledesc,jdbcType=VARCHAR}, 
      #{available,jdbcType=INTEGER})
  </insert>
  <insert id="insertSelective" parameterType="com.atguigu.sys.bean.SysRole">
    insert into sys_role
    <trim prefix="(" suffix=")" suffixOverrides=",">
      <if test="roleid != null">
        roleid,
      </if>
      <if test="rolename != null">
        rolename,
      </if>
      <if test="roledesc != null">
        roledesc,
      </if>
      <if test="available != null">
        available,
      </if>
    </trim>
    <trim prefix="values (" suffix=")" suffixOverrides=",">
      <if test="roleid != null">
        #{roleid,jdbcType=INTEGER},
      </if>
      <if test="rolename != null">
        #{rolename,jdbcType=VARCHAR},
      </if>
      <if test="roledesc != null">
        #{roledesc,jdbcType=VARCHAR},
      </if>
      <if test="available != null">
        #{available,jdbcType=INTEGER},
      </if>
    </trim>
  </insert>
  <select id="countByExample" parameterType="com.atguigu.sys.bean.SysRoleExample" resultType="java.lang.Long">
    select count(*) from sys_role
    <if test="_parameter != null">
      <include refid="Example_Where_Clause" />
    </if>
  </select>
  <update id="updateByExampleSelective" parameterType="map">
    update sys_role
    <set>
      <if test="record.roleid != null">
        roleid = #{record.roleid,jdbcType=INTEGER},
      </if>
      <if test="record.rolename != null">
        rolename = #{record.rolename,jdbcType=VARCHAR},
      </if>
      <if test="record.roledesc != null">
        roledesc = #{record.roledesc,jdbcType=VARCHAR},
      </if>
      <if test="record.available != null">
        available = #{record.available,jdbcType=INTEGER},
      </if>
    </set>
    <if test="_parameter != null">
      <include refid="Update_By_Example_Where_Clause" />
    </if>
  </update>
  <update id="updateByExample" parameterType="map">
    update sys_role
    set roleid = #{record.roleid,jdbcType=INTEGER},
      rolename = #{record.rolename,jdbcType=VARCHAR},
      roledesc = #{record.roledesc,jdbcType=VARCHAR},
      available = #{record.available,jdbcType=INTEGER}
    <if test="_parameter != null">
      <include refid="Update_By_Example_Where_Clause" />
    </if>
  </update>
  <update id="updateByPrimaryKeySelective" parameterType="com.atguigu.sys.bean.SysRole">
    update sys_role
    <set>
      <if test="rolename != null">
        rolename = #{rolename,jdbcType=VARCHAR},
      </if>
      <if test="roledesc != null">
        roledesc = #{roledesc,jdbcType=VARCHAR},
      </if>
      <if test="available != null">
        available = #{available,jdbcType=INTEGER},
      </if>
    </set>
    where roleid = #{roleid,jdbcType=INTEGER}
  </update>
  <update id="updateByPrimaryKey" parameterType="com.atguigu.sys.bean.SysRole">
    update sys_role
    set rolename = #{rolename,jdbcType=VARCHAR},
      roledesc = #{roledesc,jdbcType=VARCHAR},
      available = #{available,jdbcType=INTEGER}
    where roleid = #{roleid,jdbcType=INTEGER}
  </update>
</mapper>