<?xml version="1.0" encoding="UTF-8"?>
<!DOCTYPE mapper PUBLIC "-//mybatis.org//DTD Mapper 3.0//EN" "http://mybatis.org/dtd/mybatis-3-mapper.dtd">
<mapper namespace="com.atguigu.sys.mapper.SysUserMapper">
  <select id="selectUserRolesByUserId" resultType="com.atguigu.sys.bean.SysRole">
    SELECT t1.*
      FROM sys_role t1
      JOIN sys_role_user t2
      ON t1.`roleid`=t2.`rid`
      WHERE t2.`uid`=#{userid}
  </select>
  <resultMap id="BaseResultMap" type="com.atguigu.sys.bean.SysUser">
    <id column="userid" jdbcType="INTEGER" property="userid" />
    <result column="loginname" jdbcType="VARCHAR" property="loginname" />
    <result column="identity" jdbcType="VARCHAR" property="identity" />
    <result column="realname" jdbcType="VARCHAR" property="realname" />
    <result column="sex" jdbcType="INTEGER" property="sex" />
    <result column="address" jdbcType="VARCHAR" property="address" />
    <result column="phone" jdbcType="VARCHAR" property="phone" />
    <result column="pwd" jdbcType="VARCHAR" property="pwd" />
    <result column="position" jdbcType="VARCHAR" property="position" />
    <result column="type" jdbcType="INTEGER" property="type" />
    <result column="available" jdbcType="INTEGER" property="available" />
  </resultMap>
  <sql id="Example_Where_Clause">
    <where>
      <foreach collection="oredCriteria" item="criteria" separator="or">
        <if test="criteria.valid">
          <trim prefix="(" prefixOverrides="and" suffix=")">
            <foreach collection="criteria.criteria" item="criterion">
              <choose>
                <when test="criterion.noValue">
                  and ${criterion.condition}
                </when>
                <when test="criterion.singleValue">
                  and ${criterion.condition} #{criterion.value}
                </when>
                <when test="criterion.betweenValue">
                  and ${criterion.condition} #{criterion.value} and #{criterion.secondValue}
                </when>
                <when test="criterion.listValue">
                  and ${criterion.condition}
                  <foreach close=")" collection="criterion.value" item="listItem" open="(" separator=",">
                    #{listItem}
                  </foreach>
                </when>
              </choose>
            </foreach>
          </trim>
        </if>
      </foreach>
    </where>
  </sql>
  <sql id="Update_By_Example_Where_Clause">
    <where>
      <foreach collection="example.oredCriteria" item="criteria" separator="or">
        <if test="criteria.valid">
          <trim prefix="(" prefixOverrides="and" suffix=")">
            <foreach collection="criteria.criteria" item="criterion">
              <choose>
                <when test="criterion.noValue">
                  and ${criterion.condition}
                </when>
                <when test="criterion.singleValue">
                  and ${criterion.condition} #{criterion.value}
                </when>
                <when test="criterion.betweenValue">
                  and ${criterion.condition} #{criterion.value} and #{criterion.secondValue}
                </when>
                <when test="criterion.listValue">
                  and ${criterion.condition}
                  <foreach close=")" collection="criterion.value" item="listItem" open="(" separator=",">
                    #{listItem}
                  </foreach>
                </when>
              </choose>
            </foreach>
          </trim>
        </if>
      </foreach>
    </where>
  </sql>
  <sql id="Base_Column_List">
    userid, loginname, identity, realname, sex, address, phone, pwd, position, type, 
    available
  </sql>
  <select id="selectByExample" parameterType="com.atguigu.sys.bean.SysUserExample" resultMap="BaseResultMap">
    select
    <if test="distinct">
      distinct
    </if>
    <include refid="Base_Column_List" />
    from sys_user
    <if test="_parameter != null">
      <include refid="Example_Where_Clause" />
    </if>
    <if test="orderByClause != null">
      order by ${orderByClause}
    </if>
  </select>
  <select id="selectByPrimaryKey" parameterType="java.lang.Integer" resultMap="BaseResultMap">
    select 
    <include refid="Base_Column_List" />
    from sys_user
    where userid = #{userid,jdbcType=INTEGER}
  </select>
  <delete id="deleteByPrimaryKey" parameterType="java.lang.Integer">
    delete from sys_user
    where userid = #{userid,jdbcType=INTEGER}
  </delete>
  <delete id="deleteByExample" parameterType="com.atguigu.sys.bean.SysUserExample">
    delete from sys_user
    <if test="_parameter != null">
      <include refid="Example_Where_Clause" />
    </if>
  </delete>
  <insert id="insert" parameterType="com.atguigu.sys.bean.SysUser">
    insert into sys_user (userid, loginname, identity, 
      realname, sex, address, 
      phone, pwd, position, 
      type, available)
    values (#{userid,jdbcType=INTEGER}, #{loginname,jdbcType=VARCHAR}, #{identity,jdbcType=VARCHAR}, 
      #{realname,jdbcType=VARCHAR}, #{sex,jdbcType=INTEGER}, #{address,jdbcType=VARCHAR}, 
      #{phone,jdbcType=VARCHAR}, #{pwd,jdbcType=VARCHAR}, #{position,jdbcType=VARCHAR}, 
      #{type,jdbcType=INTEGER}, #{available,jdbcType=INTEGER})
  </insert>
  <insert id="insertSelective" parameterType="com.atguigu.sys.bean.SysUser">
    insert into sys_user
    <trim prefix="(" suffix=")" suffixOverrides=",">
      <if test="userid != null">
        userid,
      </if>
      <if test="loginname != null">
        loginname,
      </if>
      <if test="identity != null">
        identity,
      </if>
      <if test="realname != null">
        realname,
      </if>
      <if test="sex != null">
        sex,
      </if>
      <if test="address != null">
        address,
      </if>
      <if test="phone != null">
        phone,
      </if>
      <if test="pwd != null">
        pwd,
      </if>
      <if test="position != null">
        position,
      </if>
      <if test="type != null">
        type,
      </if>
      <if test="available != null">
        available,
      </if>
    </trim>
    <trim prefix="values (" suffix=")" suffixOverrides=",">
      <if test="userid != null">
        #{userid,jdbcType=INTEGER},
      </if>
      <if test="loginname != null">
        #{loginname,jdbcType=VARCHAR},
      </if>
      <if test="identity != null">
        #{identity,jdbcType=VARCHAR},
      </if>
      <if test="realname != null">
        #{realname,jdbcType=VARCHAR},
      </if>
      <if test="sex != null">
        #{sex,jdbcType=INTEGER},
      </if>
      <if test="address != null">
        #{address,jdbcType=VARCHAR},
      </if>
      <if test="phone != null">
        #{phone,jdbcType=VARCHAR},
      </if>
      <if test="pwd != null">
        #{pwd,jdbcType=VARCHAR},
      </if>
      <if test="position != null">
        #{position,jdbcType=VARCHAR},
      </if>
      <if test="type != null">
        #{type,jdbcType=INTEGER},
      </if>
      <if test="available != null">
        #{available,jdbcType=INTEGER},
      </if>
    </trim>
  </insert>
  <select id="countByExample" parameterType="com.atguigu.sys.bean.SysUserExample" resultType="java.lang.Long">
    select count(*) from sys_user
    <if test="_parameter != null">
      <include refid="Example_Where_Clause" />
    </if>
  </select>
  <update id="updateByExampleSelective" parameterType="map">
    update sys_user
    <set>
      <if test="record.userid != null">
        userid = #{record.userid,jdbcType=INTEGER},
      </if>
      <if test="record.loginname != null">
        loginname = #{record.loginname,jdbcType=VARCHAR},
      </if>
      <if test="record.identity != null">
        identity = #{record.identity,jdbcType=VARCHAR},
      </if>
      <if test="record.realname != null">
        realname = #{record.realname,jdbcType=VARCHAR},
      </if>
      <if test="record.sex != null">
        sex = #{record.sex,jdbcType=INTEGER},
      </if>
      <if test="record.address != null">
        address = #{record.address,jdbcType=VARCHAR},
      </if>
      <if test="record.phone != null">
        phone = #{record.phone,jdbcType=VARCHAR},
      </if>
      <if test="record.pwd != null">
        pwd = #{record.pwd,jdbcType=VARCHAR},
      </if>
      <if test="record.position != null">
        position = #{record.position,jdbcType=VARCHAR},
      </if>
      <if test="record.type != null">
        type = #{record.type,jdbcType=INTEGER},
      </if>
      <if test="record.available != null">
        available = #{record.available,jdbcType=INTEGER},
      </if>
    </set>
    <if test="_parameter != null">
      <include refid="Update_By_Example_Where_Clause" />
    </if>
  </update>
  <update id="updateByExample" parameterType="map">
    update sys_user
    set userid = #{record.userid,jdbcType=INTEGER},
      loginname = #{record.loginname,jdbcType=VARCHAR},
      identity = #{record.identity,jdbcType=VARCHAR},
      realname = #{record.realname,jdbcType=VARCHAR},
      sex = #{record.sex,jdbcType=INTEGER},
      address = #{record.address,jdbcType=VARCHAR},
      phone = #{record.phone,jdbcType=VARCHAR},
      pwd = #{record.pwd,jdbcType=VARCHAR},
      position = #{record.position,jdbcType=VARCHAR},
      type = #{record.type,jdbcType=INTEGER},
      available = #{record.available,jdbcType=INTEGER}
    <if test="_parameter != null">
      <include refid="Update_By_Example_Where_Clause" />
    </if>
  </update>
  <update id="updateByPrimaryKeySelective" parameterType="com.atguigu.sys.bean.SysUser">
    update sys_user
    <set>
      <if test="loginname != null">
        loginname = #{loginname,jdbcType=VARCHAR},
      </if>
      <if test="identity != null">
        identity = #{identity,jdbcType=VARCHAR},
      </if>
      <if test="realname != null">
        realname = #{realname,jdbcType=VARCHAR},
      </if>
      <if test="sex != null">
        sex = #{sex,jdbcType=INTEGER},
      </if>
      <if test="address != null">
        address = #{address,jdbcType=VARCHAR},
      </if>
      <if test="phone != null">
        phone = #{phone,jdbcType=VARCHAR},
      </if>
      <if test="pwd != null">
        pwd = #{pwd,jdbcType=VARCHAR},
      </if>
      <if test="position != null">
        position = #{position,jdbcType=VARCHAR},
      </if>
      <if test="type != null">
        type = #{type,jdbcType=INTEGER},
      </if>
      <if test="available != null">
        available = #{available,jdbcType=INTEGER},
      </if>
    </set>
    where userid = #{userid,jdbcType=INTEGER}
  </update>
  <update id="updateByPrimaryKey" parameterType="com.atguigu.sys.bean.SysUser">
    update sys_user
    set loginname = #{loginname,jdbcType=VARCHAR},
      identity = #{identity,jdbcType=VARCHAR},
      realname = #{realname,jdbcType=VARCHAR},
      sex = #{sex,jdbcType=INTEGER},
      address = #{address,jdbcType=VARCHAR},
      phone = #{phone,jdbcType=VARCHAR},
      pwd = #{pwd,jdbcType=VARCHAR},
      position = #{position,jdbcType=VARCHAR},
      type = #{type,jdbcType=INTEGER},
      available = #{available,jdbcType=INTEGER}
    where userid = #{userid,jdbcType=INTEGER}
  </update>
</mapper>